{
  "runs_per_cell": 1,
  "concurrency": [
    1,
    8,
    32,
    64
  ],
  "prompt_token_sets": [
    2048,
    4096,
    8192
  ],
  "samples": {
    "vllm-swift|Qwen3-0.6B-4bit|p2048": {
      "1": [309.1],
      "8": [867.4],
      "32": [1204.5],
      "64": [1289.7]
    },
    "vllm-metal|Qwen3-0.6B-4bit|p2048": {
      "1": [
        80.04942251330034
      ],
      "8": [
        612.2498565473052
      ],
      "32": [
        1345.6941882874278
      ],
      "64": [
        1738.2328991815723
      ]
    },
    "vllm-swift|Qwen3-0.6B-4bit|p4096": {
      "1": [271.1],
      "8": [624.5],
      "32": [769.8],
      "64": [805.2]
    },
    "vllm-metal|Qwen3-0.6B-4bit|p4096": {
      "1": [
        54.752868341200646
      ],
      "8": [
        344.3757660994671
      ],
      "32": [
        846.2594318065903
      ],
      "64": [
        1130.956651514346
      ]
    },
    "vllm-swift|Qwen3-0.6B-4bit|p8192": {
      "1": "OOM",
      "8": "OOM",
      "32": "OOM",
      "64": "OOM"
    },
    "vllm-metal|Qwen3-0.6B-4bit|p8192": {
      "1": [
        18.67825274277283
      ],
      "8": [
        136.68591614017492
      ],
      "32": [
        403.4510021592266
      ],
      "64": [
        601.3504498489115
      ]
    },
    "vllm-swift|Qwen3-4B-4bit|p2048": {
      "1": [130.0],
      "8": [361.6],
      "32": [670.2],
      "64": [747.1]
    },
    "vllm-metal|Qwen3-4B-4bit|p2048": {
      "1": [
        42.02987925105882
      ],
      "8": [
        197.1461978920932
      ],
      "32": [
        522.4390071133486
      ],
      "64": [
        681.9247203503892
      ]
    },
    "vllm-swift|Qwen3-4B-4bit|p4096": {
      "1": [118.4],
      "8": [293.9],
      "32": [468.9],
      "64": [482.6]
    },
    "vllm-metal|Qwen3-4B-4bit|p4096": {
      "1": [
        18.65366025913464
      ],
      "8": [
        111.0206241516292
      ],
      "32": [
        317.1591499899173
      ],
      "64": [
        428.9367739945589
      ]
    },
    "vllm-swift|Qwen3-4B-4bit|p8192": {
      "1": "OOM",
      "8": "OOM",
      "32": "OOM",
      "64": "OOM"
    },
    "vllm-metal|Qwen3-4B-4bit|p8192": {
      "1": [
        7.267909397251846
      ],
      "8": [
        49.45887406321622
      ],
      "32": [
        156.3448693177285
      ],
      "64": [
        231.2559473953311
      ]
    }
  },
  "median": {
    "vllm-swift|Qwen3-0.6B-4bit|p2048": {},
    "vllm-metal|Qwen3-0.6B-4bit|p2048": {
      "1": 80.04942251330034,
      "8": 612.2498565473052,
      "32": 1345.6941882874278,
      "64": 1738.2328991815723
    },
    "vllm-swift|Qwen3-0.6B-4bit|p4096": {},
    "vllm-metal|Qwen3-0.6B-4bit|p4096": {
      "1": 54.752868341200646,
      "8": 344.3757660994671,
      "32": 846.2594318065903,
      "64": 1130.956651514346
    },
    "vllm-swift|Qwen3-0.6B-4bit|p8192": {},
    "vllm-metal|Qwen3-0.6B-4bit|p8192": {
      "1": 18.67825274277283,
      "8": 136.68591614017492,
      "32": 403.4510021592266,
      "64": 601.3504498489115
    },
    "vllm-swift|Qwen3-4B-4bit|p2048": {},
    "vllm-metal|Qwen3-4B-4bit|p2048": {
      "1": 42.02987925105882,
      "8": 197.1461978920932,
      "32": 522.4390071133486,
      "64": 681.9247203503892
    },
    "vllm-swift|Qwen3-4B-4bit|p4096": {},
    "vllm-metal|Qwen3-4B-4bit|p4096": {
      "1": 18.65366025913464,
      "8": 111.0206241516292,
      "32": 317.1591499899173,
      "64": 428.9367739945589
    },
    "vllm-swift|Qwen3-4B-4bit|p8192": {},
    "vllm-metal|Qwen3-4B-4bit|p8192": {
      "1": 7.267909397251846,
      "8": 49.45887406321622,
      "32": 156.3448693177285,
      "64": 231.2559473953311
    }
  }
}