{
  "runs_per_cell": 1,
  "concurrency": [
    1,
    8,
    32,
    64
  ],
  "samples": {
    "vllm-swift|Qwen3-0.6B-4bit": {
      "1": [
        325.3
      ],
      "8": [
        1142.8
      ],
      "32": [
        2594.2
      ],
      "64": [
        3319.7
      ]
    },
    "vllm-metal|Qwen3-0.6B-4bit": {
      "1": [
        283.6371170524047
      ],
      "8": [],
      "32": [],
      "64": []
    },
    "vllm-swift|Qwen3-4B-4bit": {
      "1": [
        148.0
      ],
      "8": [
        481.0
      ],
      "32": [
        1187.5
      ],
      "64": [
        1502.6
      ]
    },
    "vllm-metal|Qwen3-4B-4bit": {
      "1": [
        142.7862939670048
      ],
      "8": [],
      "32": [],
      "64": []
    }
  },
  "median": {
    "vllm-swift|Qwen3-0.6B-4bit": {
      "1": 325.3,
      "8": 1142.8,
      "32": 2594.2,
      "64": 3319.7
    },
    "vllm-metal|Qwen3-0.6B-4bit": {
      "1": 283.6371170524047
    },
    "vllm-swift|Qwen3-4B-4bit": {
      "1": 148.0,
      "8": 481.0,
      "32": 1187.5,
      "64": 1502.6
    },
    "vllm-metal|Qwen3-4B-4bit": {
      "1": 142.7862939670048
    }
  }
}