{
  "runs_per_cell": 1,
  "concurrency": [
    1,
    8,
    32,
    64
  ],
  "prompt_token_sets": [
    2048,
    4096,
    8192
  ],
  "prompts_mode": "unique",
  "samples": {
    "vllm-swift|Qwen3-0.6B-4bit|p2048": {
      "1": [
        {
          "tps_e2e": 83.1,
          "tps_decode": 285.0,
          "prefill_ms": 426.0
        }
      ],
      "8": [
        {
          "tps_e2e": 268.4,
          "tps_decode": 847.9,
          "prefill_ms": 1018.0
        }
      ],
      "32": [
        {
          "tps_e2e": 346.8,
          "tps_decode": 1164.7,
          "prefill_ms": 3239.0
        }
      ],
      "64": [
        {
          "tps_e2e": 366.7,
          "tps_decode": 1261.8,
          "prefill_ms": 6192.0
        }
      ]
    },
    "vllm-metal|Qwen3-0.6B-4bit|p2048": {
      "1": [
        {
          "tps_e2e": 109.16625365500805,
          "tps_decode": 181.43406347617258,
          "prefill_ms": 184.66711044311523
        }
      ],
      "8": [
        {
          "tps_e2e": 162.15797952229798,
          "tps_decode": 175.90047990687737,
          "prefill_ms": 1913.9230251312256
        }
      ],
      "32": [
        {
          "tps_e2e": 209.12452222826695,
          "tps_decode": 216.06561144699032,
          "prefill_ms": 6315.363645553589
        }
      ],
      "64": [
        {
          "tps_e2e": 218.3997494921497,
          "tps_decode": 224.20447456464134,
          "prefill_ms": 12054.918766021729
        }
      ]
    },
    "vllm-swift|Qwen3-0.6B-4bit|p4096": {
      "1": [
        {
          "tps_e2e": 51.3,
          "tps_decode": 242.1,
          "prefill_ms": 768.0
        }
      ],
      "8": [
        {
          "tps_e2e": 144.7,
          "tps_decode": 617.6,
          "prefill_ms": 2117.0
        }
      ],
      "32": [
        {
          "tps_e2e": 179.5,
          "tps_decode": 768.6,
          "prefill_ms": 6832.0
        }
      ],
      "64": [
        {
          "tps_e2e": 187.6,
          "tps_decode": 799.9,
          "prefill_ms": 13054.0
        }
      ]
    },
    "vllm-metal|Qwen3-0.6B-4bit|p4096": {
      "1": [
        {
          "tps_e2e": 54.493267314502454,
          "tps_decode": 136.96950851770046,
          "prefill_ms": 558.197021484375
        }
      ],
      "8": [
        {
          "tps_e2e": 73.02921644489017,
          "tps_decode": 81.54576937394624,
          "prefill_ms": 4697.670221328735
        }
      ],
      "32": [
        {
          "tps_e2e": 75.97128110808569,
          "tps_decode": 78.69577298681801,
          "prefill_ms": 18860.070943832397
        }
      ],
      "64": [
        {
          "tps_e2e": 72.91288891948119,
          "tps_decode": 74.91197645229141,
          "prefill_ms": 39510.91980934143
        }
      ]
    },
    "vllm-swift|Qwen3-0.6B-4bit|p8192": {
      "1": [],
      "8": [],
      "32": [],
      "64": []
    },
    "vllm-metal|Qwen3-0.6B-4bit|p8192": {
      "1": [
        {
          "tps_e2e": 20.12076212660466,
          "tps_decode": 88.55166446581907,
          "prefill_ms": 1932.549238204956
        }
      ],
      "8": [
        {
          "tps_e2e": 22.201061732787316,
          "tps_decode": 24.99987083350222,
          "prefill_ms": 16794.854879379272
        }
      ],
      "32": [
        {
          "tps_e2e": 22.136530559491444,
          "tps_decode": 22.920802397916706,
          "prefill_ms": 68389.92214202881
        }
      ],
      "64": [
        {
          "tps_e2e": 21.625401927021073,
          "tps_decode": 22.239308310762706,
          "prefill_ms": 140728.38306427002
        }
      ]
    },
    "vllm-swift|Qwen3-4B-4bit|p2048": {
      "1": [
        {
          "tps_e2e": 41.2,
          "tps_decode": 126.9,
          "prefill_ms": 818.0
        }
      ],
      "8": [
        {
          "tps_e2e": 86.1,
          "tps_decode": 357.3,
          "prefill_ms": 3524.0
        }
      ],
      "32": [
        {
          "tps_e2e": 100.1,
          "tps_decode": 660.2,
          "prefill_ms": 13566.0
        }
      ],
      "64": [
        {
          "tps_e2e": 101.7,
          "tps_decode": 730.2,
          "prefill_ms": 27093.0
        }
      ]
    },
    "vllm-metal|Qwen3-4B-4bit|p2048": {
      "1": [
        {
          "tps_e2e": 41.521932455876495,
          "tps_decode": 86.54177352711807,
          "prefill_ms": 627.6271343231201
        }
      ],
      "8": [
        {
          "tps_e2e": 62.584678781625776,
          "tps_decode": 69.68921015556879,
          "prefill_ms": 5025.8800983428955
        }
      ],
      "32": [
        {
          "tps_e2e": 62.75283519798035,
          "tps_decode": 64.69310598160014,
          "prefill_ms": 22746.536016464233
        }
      ],
      "64": [
        {
          "tps_e2e": 61.05076018236865,
          "tps_decode": 62.336191820478334,
          "prefill_ms": 46789.63589668274
        }
      ]
    },
    "vllm-swift|Qwen3-4B-4bit|p4096": {
      "1": [
        {
          "tps_e2e": 25.0,
          "tps_decode": 112.0,
          "prefill_ms": 1551.0
        }
      ],
      "8": [
        {
          "tps_e2e": 45.2,
          "tps_decode": 291.3,
          "prefill_ms": 7472.0
        }
      ],
      "32": [
        {
          "tps_e2e": 43.7,
          "tps_decode": 455.1,
          "prefill_ms": 33131.0
        }
      ],
      "64": [
        {
          "tps_e2e": 36.3,
          "tps_decode": 475.1,
          "prefill_ms": 81322.0
        }
      ]
    },
    "vllm-metal|Qwen3-4B-4bit|p4096": {
      "1": [
        {
          "tps_e2e": 19.900840084785013,
          "tps_decode": 72.52861468653467,
          "prefill_ms": 1834.4981670379639
        }
      ],
      "8": [
        {
          "tps_e2e": 22.718597869462243,
          "tps_decode": 25.38111119840008,
          "prefill_ms": 15821.56491279602
        }
      ],
      "32": [
        {
          "tps_e2e": 22.539525959844312,
          "tps_decode": 23.24713248991277,
          "prefill_ms": 66406.8808555603
        }
      ],
      "64": [
        {
          "tps_e2e": 22.089873582582992,
          "tps_decode": 22.588902669848295,
          "prefill_ms": 135018.33200454712
        }
      ]
    },
    "vllm-swift|Qwen3-4B-4bit|p8192": {
      "1": [],
      "8": [],
      "32": [],
      "64": []
    },
    "vllm-metal|Qwen3-4B-4bit|p8192": {
      "1": [
        {
          "tps_e2e": 7.040700186950684,
          "tps_decode": 53.48252584677677,
          "prefill_ms": 6179.594278335571
        }
      ],
      "8": [
        {
          "tps_e2e": 7.533714880830423,
          "tps_decode": 8.537599066967463,
          "prefill_ms": 50537.74976730347
        }
      ],
      "32": [
        {
          "tps_e2e": 7.073610991203712,
          "tps_decode": 7.320300414745956,
          "prefill_ms": 217653.44500541687
        }
      ],
      "64": [
        {
          "tps_e2e": 7.0840535913716405,
          "tps_decode": 7.267665695936198,
          "prefill_ms": 434962.7079963684
        }
      ]
    }
  },
  "median": {
    "vllm-swift|Qwen3-0.6B-4bit|p2048": {
      "1": {
        "tps_e2e": 83.1,
        "tps_decode": 285.0,
        "prefill_ms": 426.0
      },
      "8": {
        "tps_e2e": 268.4,
        "tps_decode": 847.9,
        "prefill_ms": 1018.0
      },
      "32": {
        "tps_e2e": 346.8,
        "tps_decode": 1164.7,
        "prefill_ms": 3239.0
      },
      "64": {
        "tps_e2e": 366.7,
        "tps_decode": 1261.8,
        "prefill_ms": 6192.0
      }
    },
    "vllm-metal|Qwen3-0.6B-4bit|p2048": {
      "1": {
        "tps_e2e": 109.16625365500805,
        "tps_decode": 181.43406347617258,
        "prefill_ms": 184.66711044311523
      },
      "8": {
        "tps_e2e": 162.15797952229798,
        "tps_decode": 175.90047990687737,
        "prefill_ms": 1913.9230251312256
      },
      "32": {
        "tps_e2e": 209.12452222826695,
        "tps_decode": 216.06561144699032,
        "prefill_ms": 6315.363645553589
      },