{
  "runs_per_cell": 1,
  "concurrency": [
    1,
    8,
    32,
    64
  ],
  "prompt_token_sets": [
    0
  ],
  "prompts_mode": "unique",
  "samples": {
    "vllm-swift|Qwen3-0.6B-4bit|p0": {
      "1": [
        {
          "tps_e2e": 97.1,
          "tps_decode": 242.4,
          "prefill_ms": 309.0
        }
      ],
      "8": [
        {
          "tps_e2e": 579.7,
          "tps_decode": 1444.1,
          "prefill_ms": 413.0
        }
      ],
      "32": [
        {
          "tps_e2e": 1103.6,
          "tps_decode": 2598.3,
          "prefill_ms": 834.0
        }
      ],
      "64": [
        {
          "tps_e2e": 1287.2,
          "tps_decode": 3185.8,
          "prefill_ms": 1482.0
        }
      ]
    },
    "vllm-metal|Qwen3-0.6B-4bit|p0": {
      "1": [
        {
          "tps_e2e": 202.38643966224447,
          "tps_decode": 216.4767691191242,
          "prefill_ms": 16.35885238647461
        }
      ],
      "8": [
        {
          "tps_e2e": 973.6929467248267,
          "tps_decode": 1029.8812552617787,
          "prefill_ms": 36.12518310546875
        }
      ],
      "32": [
        {
          "tps_e2e": 2025.264862748653,
          "tps_decode": 2109.364044626256,
          "prefill_ms": 61.31386756896973
        }
      ],
      "64": [
        {
          "tps_e2e": 2652.333017046002,
          "tps_decode": 2741.091879556365,
          "prefill_ms": 95.0157642364502
        }
      ]
    },
    "vllm-swift|Qwen3-4B-4bit|p0": {
      "1": [
        {
          "tps_e2e": 69.2,
          "tps_decode": 143.2,
          "prefill_ms": 374.0
        }
      ],
      "8": [
        {
          "tps_e2e": 272.3,
          "tps_decode": 469.3,
          "prefill_ms": 617.0
        }
      ],
      "32": [
        {
          "tps_e2e": 537.0,
          "tps_decode": 1164.6,
          "prefill_ms": 1606.0
        }
      ],
      "64": [
        {
          "tps_e2e": 640.4,
          "tps_decode": 1479.6,
          "prefill_ms": 2834.0
        }
      ]
    },
    "vllm-metal|Qwen3-4B-4bit|p0": {
      "1": [
        {
          "tps_e2e": 101.63757629772942,
          "tps_decode": 107.68260651777845,
          "prefill_ms": 28.293848037719727
        }
      ],
      "8": [
        {
          "tps_e2e": 386.92453045657874,
          "tps_decode": 404.38079173407397,
          "prefill_ms": 79.80585098266602
        }
      ],
      "32": [
        {
          "tps_e2e": 1016.3296111245108,
          "tps_decode": 1057.3966751653118,
          "prefill_ms": 158.6928367614746
        }
      ],
      "64": [
        {
          "tps_e2e": 1275.7382473501236,
          "tps_decode": 1314.6950884434827,
          "prefill_ms": 275.4197120666504
        }
      ]
    }
  },
  "median": {
    "vllm-swift|Qwen3-0.6B-4bit|p0": {
      "1": {
        "tps_e2e": 97.1,
        "tps_decode": 242.4,
        "prefill_ms": 309.0
      },
      "8": {
        "tps_e2e": 579.7,
        "tps_decode": 1444.1,
        "prefill_ms": 413.0
      },
      "32": {
        "tps_e2e": 1103.6,
        "tps_decode": 2598.3,
        "prefill_ms": 834.0
      },
      "64": {
        "tps_e2e": 1287.2,
        "tps_decode": 3185.8,
        "prefill_ms": 1482.0
      }
    },
    "vllm-metal|Qwen3-0.6B-4bit|p0": {
      "1": {
        "tps_e2e": 202.38643966224447,
        "tps_decode": 216.4767691191242,
        "prefill_ms": 16.35885238647461
      },
      "8": {
        "tps_e2e": 973.6929467248267,
        "tps_decode": 1029.8812552617787,
        "prefill_ms": 36.12518310546875
      },
      "32": {
        "tps_e2e": 2025.264862748653,
        "tps_decode": 2109.364044626256,
        "prefill_ms": 61.31386756896973
      },
      "64": {
        "tps_e2e": 2652.333017046002,
        "tps_decode": 2741.091879556365,
        "prefill_ms": 95.0157642364502
      }
    },
    "vllm-swift|Qwen3-4B-4bit|p0": {
      "1": {
        "tps_e2e": 69.2,
        "tps_decode": 143.2,
        "prefill_ms": 374.0
      },
      "8": {
        "tps_e2e": 272.3,
        "tps_decode": 469.3,
        "prefill_ms": 617.0
      },
      "32": {
        "tps_e2e": 537.0,
        "tps_decode": 1164.6,
        "prefill_ms": 1606.0
      },
      "64": {
        "tps_e2e": 640.4,
        "tps_decode": 1479.6,
        "prefill_ms": 2834.0
      }
    },
    "vllm-metal|Qwen3-4B-4bit|p0": {
      "1": {
        "tps_e2e": 101.63757629772942,
        "tps_decode": 107.68260651777845,
        "prefill_ms": 28.293848037719727
      },
      "8": {
        "tps_e2e": 386.92453045657874,
        "tps_decode": 404.38079173407397,
        "prefill_ms": 79.80585098266602
      },
      "32": {
        "tps_e2e": 1016.3296111245108,
        "tps_decode": 1057.3966751653118,
        "prefill_ms": 158.6928367614746
      },
      "64": {
        "tps_e2e": 1275.7382473501236,
        "tps_decode": 1314.6950884434827,
        "prefill_ms": 275.4197120666504
      }
    }
  }
}